Job ID,Job URL,Job Title,Company Name,Status,Timestamp,WP ID
360830a2e9858bbc,https://www.jobsnepal.com/sathanaya-aapatakalna-sacalna-kanathara-leoc-sathapanaka-lga-samagara-kharathaka-lga-blpatara-aavahana-142977,स्थानीय आपतकालिन संचालन केन्द्र (LEOC) स्थापनाका लागि सामाग्रि खरिदको लागि बोलपत्र आवहान,SabalNepal,posted,2026-06-25T21:49:01.969414,77
fd2d9bc2a964ea56,https://www.jobsnepal.com/terms-of-reference-for-a-study-on-the-impact-of-human-wildlife-conflict-on-agriculture-and-socio-economic-conditions-in-achham-district-142976,Terms of Reference for a Study on the Impact of Human-Wildlife Conflict on Agriculture and Socio-Economic Conditions in Achham District,PeaceWin Nepal,posted,2026-06-25T21:49:30.876928,79
bb51d551da4b270a,https://www.jobsnepal.com/sales-and-marketing-technical-142975,Sales and Marketing / Technical,Durba Tech Company Pvt Ltd,failed|wp_post_failed_or_skipped,2026-06-25T21:49:39.788745,
a27932544fea7478,https://www.jobsnepal.com/parasatavana-aahavana-samabnathha-sacana-142974,प्रस्तावना आह्वान सम्बन्धी सूचना,KIRDARC Nepal,posted,2026-06-25T21:49:42.903597,79
bff7c966e8bc8cea,https://www.jobsnepal.com/supervisor-142973,Supervisor,Manavsewa Ashram,posted,2026-06-25T21:50:06.416004,81
15522bd2004e9577,https://www.jobsnepal.com/vacancy-announcement-for-various-positions-142972,Vacancy Announcement for Various Positions,CARE Nepal,posted,2026-06-25T21:50:33.645138,83
e26c69022f6bb195,https://www.jobsnepal.com/invitation-for-submission-of-proposal-for-conference-venue-accommodation-catering-and-services-142971,"Invitation for Submission of Proposal for Conference Venue, Accommodation & Catering and Services",Centre for Mental Health & Counselling Nepal,posted,2026-06-25T21:50:55.177082,85
69f44c119dbbf0a3,https://www.jobsnepal.com/tender-notice-142970,TENDER NOTICE,PRAYAS Nepal,posted,2026-06-25T21:51:19.413745,87
c1b74131af96b910,https://www.jobsnepal.com/program-officer-142969,Program Officer,INSTITUTE FOR IMPLEMENTATION SCIENCE AND HEALTH,posted,2026-06-25T21:51:43.708868,89
70dfdadb1874118a,https://www.jobsnepal.com/senior-research-associate-142968,SENIOR RESEARCH ASSOCIATE,National Institute for Development and Research (NIDR),posted,2026-06-25T21:52:10.230018,91
ac1ded6ed726262a,https://www.jobsnepal.com/savasathaya-upakaranae-kharathaka-lga-shalbnatha-tharabhaupatara-aahavanaka-sacana-142967,स्वास्थ्य उपकरण खरिदको लागि शिलबन्दी दरभाउपत्र आह्वानको सूचना,Snowland Integrated Development Center (SIDC),posted,2026-06-25T21:52:13.576107,91
88972e86c435e36f,https://www.jobsnepal.com/blpatara-upalbthha-garauna-samabnathhama-thasara-pataka-parakashata-142966,बोलपत्र उपलब्ध गराउने सम्बन्धमा (दोस्रो पटक प्रकाशित),Community Development & Advocacy Forum Nepal,posted,2026-06-25T21:52:16.753480,91
f41270bf0cf5ff61,https://www.jobsnepal.com/parasatavana-aahavana-call-for-proposal-ka-sacana-parakashana-142964,प्रस्तावना आह्वान (Call for Proposal) को सुचना प्रकाशन,NGO Federation of Nepal,posted,2026-06-25T21:52:32.583512,93
c42d16b2aecef6f0,https://www.jobsnepal.com/request-for-expressions-of-interest-reoi-142963,REQUEST FOR EXPRESSIONS OF INTEREST (REOI),Upper Arun Hydro-Electric Project Adibasi Janajati Advisory Council,posted,2026-06-25T21:52:55.315224,94
855866593e357fa6,https://www.jobsnepal.com/itb-notice-enterprise-support-materials-142962,ITB Notice: Enterprise Support Materials,Aasaman Nepal,posted,2026-06-25T21:53:20.748188,96
383a69e34440979c,https://www.jobsnepal.com/expression-of-interest-eoi-for-development-of-headteacher-leadership-development-training-package-142961,Expression of Interest (EOI) for Development of Headteacher Leadership Development Training Package,Sindhuli Integrated Development Services Nepal (SIDS Nepal),posted,2026-06-25T21:53:42.976680,97
1f60b6200d40edc8,https://www.jobsnepal.com/driver-cum-messenger-142960,Driver Cum Messenger,Rural Health and Education Service Trust (RHEST),posted,2026-06-25T21:54:06.670379,99
bd05fcc95b3b790d,https://www.jobsnepal.com/program-officer-142959,Program Officer,One Heart Worldwide,flagged|no_apply_contact,2026-06-25T21:54:10.011739,
dda1613c5df4a1a1,https://www.jobsnepal.com/tor-for-service-contract-documentation-of-photography-and-videography-focusing-on-the-struggles-of-informal-sector-labor-communities-142958,ToR for Service Contract Documentation of Photography and Videography focusing on the struggles of informal sector labor communities,Kamaiya Mahila Jagaran Samaj Nepal,posted,2026-06-25T21:54:32.900013,101
a6fe01bea28e5898,https://www.jobsnepal.com/finance-officer-142957,Finance Officer,Recovering Nepal Women,posted,2026-06-25T21:54:58.606595,103
6f874c1ef5c9acc2,https://www.jobsnepal.com/junior-technician-142956,Junior Technician,Community Development Forum Nepal,posted,2026-06-25T21:55:23.118773,105
fb7b4a6570ff2e45,https://www.jobsnepal.com/request-for-quotation-rfq-for-the-procurement-of-ready-to-use-therapeutic-food-rutf-142955,REQUEST FOR QUOTATION (RFQ) FOR THE PROCUREMENT OF READY TO USE THERAPEUTIC FOOD (RUTF),CARE Nepal,posted,2026-06-25T21:55:53.363712,107
428c8a9b0a75a94a,https://www.jobsnepal.com/kashha-upakaranae-tatha-bu-bjana-samagara-kharatha-garana-tharabhau-patara-aahavanaka-sacana-142954,कृषि उपकरण तथा बिउ बिजन सामाग्री खरिद गर्न दरभाउ पत्र आह्वानको सूचना,KIRDARC-Nepal,posted,2026-06-25T21:56:00.465014,107
687b71b9297d69b1,https://www.jobsnepal.com/tor-for-short-term-consultancy-to-produce-the-national-dalit-childrens-rights-status-report-in-nepal-142953,TOR for Short-term Consultancy to produce the National Dalit Children's Rights Status Report in Nepal,FEDO,posted,2026-06-25T21:56:30.748486,109
05d288a898d62fd3,https://www.jobsnepal.com/falfal-kafaka-vanprvahanprka-lga-tharabhau-patara-quotation-maga-garaeka-samabnathha-sacana-142952,"फलफूल, कफिको विरूवाहरूको लागि दरभाउ पत्र (Quotation) माग गरिएको सम्बन्धी सुचना",Rural Economic Development Association,posted,2026-06-25T21:56:45.307392,111
58074ef0afdba6b2,https://www.jobsnepal.com/shalbnatha-katashana-aahavana-garaeka-sacana-142951,शिलबन्दी कोटेशन आह्वान गरिएको सूचना,National Farmers Group Federation Nepal (NFGF Nepal),posted,2026-06-25T21:56:48.716755,111
c75e1de481e4bd42,https://www.jobsnepal.com/national-volunteer-drr-and-cso-accountability-coordinator-142950,National Volunteer - DRR and CSO Accountability Coordinator,VSO Nepal,posted,2026-06-25T21:57:15.045423,113
ae15ef39d33c984c,https://www.jobsnepal.com/national-volunteer-resilient-livelihood-cso-accountability-coordinator-142949,National Volunteer - Resilient Livelihood & CSO Accountability Coordinator,VSO Nepal,posted,2026-06-25T21:57:39.880696,115
57aefff86f7d2ab2,https://www.jobsnepal.com/technical-support-142948,Technical Support,Uranus Tech Nepal Pvt Ltd,posted,2026-06-25T21:58:04.727218,117
d6e696c7c2ef080e,https://www.jobsnepal.com/flutter-app-developer-2-years-experience-or-above-142947,Flutter App Developer (2 Years Experience or above),HT Solution Pvt Ltd,posted,2026-06-25T21:58:31.665679,119
cc42a35e4f8d4f5b,https://www.jobsnepal.com/karjanha-construction-142946,Karjanha Construction,SOS Children's Villages Nepal,posted,2026-06-25T21:58:55.798093,121
6c6e95f2e9290f46,https://www.jobsnepal.com/residence-incharge-childrens-home-142945,Residence Incharge-Children’s Home,Kopila Valley Sewa Samaj,posted,2026-06-25T21:59:21.880853,123
197b9ced920d8961,https://www.jobsnepal.com/manatara-142944,मेन्टर,SETO GURANS NATIONAL CHILD DEVELOPMENT SERVICES,posted,2026-06-25T21:59:25.234987,123
490026e12b702bc7,https://www.jobsnepal.com/mechanical-engineer-142943,Mechanical Engineer,CLEAN UP NEPAL,posted,2026-06-25T21:59:50.548331,125
7af7d55b3f1c0cf1,https://www.jobsnepal.com/assistant-finance-officer-142942,Assistant Finance Officer,SETO GURANS NATIONAL CHILD DEVELOPMENT SERVICES,posted,2026-06-25T22:00:19.711362,127
226e61af04f9afdb,https://www.jobsnepal.com/crew-member-all-rounder-female-142941,Crew Member (All-rounder) - Female,JobsNepal.com Direct Recruitment Service,posted,2026-06-25T22:00:47.221887,129
59c341e624c5d1a4,https://www.jobsnepal.com/expression-of-interest-eoi-for-preparation-of-local-disaster-and-climate-resilience-framework-ldcrf-for-chandannath-municipality-and-tila-rural-municipality-of-jumla-district-142940,Expression of Interest (EOI) For “Preparation of Local Disaster and Climate Resilience Framework (LDCRF) for Chandannath Municipality and Tila Rural Municipality of Jumla District”,KIRDARC-Nepal,posted,2026-06-25T22:01:15.645759,131
1299680c88a23ac4,https://www.jobsnepal.com/request-for-quotation-142939,Request for Quotation,Manavsewa Ashram,posted,2026-06-25T22:01:39.680130,133
5668028867b26c95,https://www.jobsnepal.com/civil-engineer-142938,Civil Engineer,Rastriya Rojgar Prawardhan Kendra (Rautahat),posted,2026-06-25T22:02:04.562483,135
89fff570b0bddb6c,https://www.jobsnepal.com/karamacara-pathaparata-samabnathha-sacana-142937,कर्मचारी पदपूर्ति सम्बन्धी सूचना,Bheri Environmental Excellence Group (BEE-Group) Banke,posted,2026-06-25T22:02:07.863518,135
e142510b875e3f41,https://www.jobsnepal.com/driver-142936,Driver,British Gurkhas Nepal,posted,2026-06-25T22:02:33.042857,136
1b721256ce7558f9,https://www.jobsnepal.com/karamacara-pathaparata-samabnathha-sacana-142935,कर्मचारी पदपूर्ति सम्बन्धि सूचना,"Sundar Nepal Sanstha (BNA), surkhet",posted,2026-06-25T22:02:36.253775,136
846f29b45cdd4808,https://www.jobsnepal.com/provincial-program-officer-142934,Provincial Program Officer,Collective Campaign for Peace (COCAP),posted,2026-06-25T22:03:01.659243,138
ef552c8e4facbddb,https://www.jobsnepal.com/x-ray-technician-142933,X-ray Technician,Human Development and Community Services (HDCS),posted,2026-06-25T22:03:26.260255,140
0c89550882430702,https://www.jobsnepal.com/blpatara-aahavana-personal-hygiene-cfe-lahan-142932,बोलपत्र आह्वान - Personal Hygiene CFE Lahan,SOS Children's Villages Nepal,posted,2026-06-25T22:03:42.063359,142
18c22cc569d8c832,https://www.jobsnepal.com/team-lead-admin-finance-coordinator-142931,Team Lead / Admin & Finance Coordinator,Rastriya Rojgar Prawardhan Kendra (RRPK)- Malangwa,posted,2026-06-25T22:04:09.359012,144
2391ef262b4362de,https://www.jobsnepal.com/social-mobilizer-girls-education-program-female-142930,Social Mobilizer- Girls’ Education Program (Female),Suryodaya Club,posted,2026-06-25T22:04:34.909286,146
062927731c1ba2ab,https://www.jobsnepal.com/dietitian-142929,Dietitian,Together Against Childhood Cancer,posted,2026-06-25T22:05:02.372457,148
5ea7b219b9c06787,https://www.jobsnepal.com/vacancy-announcement-142928,Vacancy Announcement,Youth Acting for Change Nepal (YAC Nepal),posted,2026-06-25T22:05:27.688214,150
551094d9f0cf24c6,https://www.jobsnepal.com/business-coach-consultant-142927,Business Coach (Consultant),Daayitwa,flagged|no_apply_contact,2026-06-25T22:05:30.952824,
647b2ee5ce322c63,https://www.jobsnepal.com/request-for-bids-for-the-procurement-of-non-consulting-services-on-local-level-orientations-and-training-on-the-benefit-sharing-plan-142926,Request for Bids for the Procurement of Non-Consulting Services on Local-level orientations and training on the Benefit Sharing Plan,Rural Reconstruction Nepal,posted,2026-06-25T22:05:57.695645,152
e8dae5702bd142b8,https://www.jobsnepal.com/request-for-proposal-142925,Request for Proposal,Community Development Centre (CDC),posted,2026-06-25T22:06:27.417444,154
f62e7b80ff537d0b,https://www.jobsnepal.com/health-assistant-ha-or-cma-142924,Health Assistant (HA) or CMA,Nepal Children Helping Programme,posted,2026-06-25T22:06:47.181490,155
245d87aebc144131,https://www.jobsnepal.com/bkhara-goat-ra-vayada-bka-breed-buck-aaparataka-lga-tharabhau-katashana-maga-samabnathha-sacana-142923,बाख्रा (Goat) र व्याड बोका (Breed Buck) आपूर्तिका लागि दरभाउ (कोटेशन) माग सम्बन्धि सूचना,Forum for Rural Welfare and Agricultural Reform for Development (FORWARD) Nepal,posted,2026-06-25T22:07:04.356841,157
644a16ce03bfccde,https://www.jobsnepal.com/call-for-expression-of-interest-eoi-for-labour-market-assessment-142922,Call for Expression of Interest (EOI) for Labour Market Assessment,Forum for Rural Welfare and Agricultural Reform for Development (FORWARD) Nepal,posted,2026-06-25T22:07:30.071199,159
14b9033d4ca4a70c,https://www.jobsnepal.com/electrical-engineer-proposal-procurement-142921,Electrical Engineer – Proposal & Procurement,Equagen Engineers,posted,2026-06-25T22:07:53.703478,161
7a925dc4fdbd9e96,https://www.jobsnepal.com/call-for-expression-of-interest-eoi-for-value-chain-analysis-of-selective-sub-sectors-on-agricultural-commodity-142920,Call for Expression of Interest (EOI) for Value Chain Analysis of selective sub-sectors on Agricultural Commodity,Forum for Rural Welfare and Agricultural Reform for Development (FORWARD) Nepal,posted,2026-06-25T22:08:18.703604,163
66e08cfec7781422,https://www.jobsnepal.com/terms-of-reference-tor-individual-consultant-consultancy-firm-for-nature-based-solutions-nbs-success-case-story-documentation-142919,Terms of Reference (ToR) - Individual Consultant / Consultancy Firm for Nature-Based Solutions (NBS) Success Case Story Documentation,INSTITUTE FOR SOCIAL AND ENVIRONMENTAL TRANSITION NEPAL,posted,2026-06-25T22:08:42.513523,165
60caea3513428c88,https://www.jobsnepal.com/tor-for-hiring-of-media-houseconsultancy-firm-for-production-of-video-documentary-on-nexus-project-142918,ToR for Hiring of Media House/Consultancy Firm for Production of Video Documentary on NEXUS Project,INSTITUTE FOR SOCIAL AND ENVIRONMENTAL TRANSITION NEPAL,posted,2026-06-25T22:09:06.351162,167
8fa925a6371e637f,https://www.jobsnepal.com/terms-of-reference-tor-consultancy-firm-for-photo-story-book-documentation-and-publication-142917,Terms of Reference (ToR) - Consultancy Firm for Photo Story Book Documentation and Publication,INSTITUTE FOR SOCIAL AND ENVIRONMENTAL TRANSITION NEPAL,posted,2026-06-25T22:09:31.127141,169
41759f406916c040,https://www.jobsnepal.com/bim-engineerspecialist-142916,BIM Engineer/Specialist,Equagen Engineers,posted,2026-06-25T22:09:56.899656,171
93395ddc982a3445,https://www.jobsnepal.com/draftsperson-diploma-in-engineeringarchitecture-142915,Draftsperson (Diploma in Engineering/Architecture),Equagen Engineers,posted,2026-06-25T22:10:21.679192,173
f190bc9d402b0d47,https://www.jobsnepal.com/civil-structural-engineer-142914,Civil Structural Engineer,Equagen Engineers,posted,2026-06-25T22:10:46.143182,175
192199adcc499017,https://www.jobsnepal.com/knowledge-management-monitoring-and-evaluation-officer-142913,"Knowledge Management, Monitoring and Evaluation Officer",Women Leaders in Technology,posted,2026-06-25T22:11:12.212732,177
40285e3802b70d3c,https://www.jobsnepal.com/shalbnatha-blpatara-aahavanaka-sacana-142912,शिलबन्दी बोलपत्र आह्वानको सुचना,Rural Development Centre Nepal,posted,2026-06-25T22:11:17.912956,177
ed65d65e541de4ea,https://www.jobsnepal.com/electrical-design-engineer-142911,Electrical Design Engineer,Equagen Engineers,posted,2026-06-25T22:11:41.858121,179
9160a1b51a05ca39,https://www.jobsnepal.com/quality-control-officer-142909,Quality Control Officer,The Organic Valley Pvt Ltd,posted,2026-06-25T22:12:08.300921,181
0a9a18b27d4bc3f2,https://www.jobsnepal.com/graphic-designer-digital-marketing-142908,Graphic Designer/ Digital Marketing,Lotus Embrace Virtual Assistant,posted,2026-06-25T22:12:34.821898,183
eff545adb5e9eaec,https://www.jobsnepal.com/consultation-coordinatorresearch-assistant-142907,Consultation Coordinator/Research Assistant,Nepal Institute of Development Studies,posted,2026-06-25T22:12:59.189914,184
7fa513528ee4e31c,https://www.jobsnepal.com/varashhaka-lkhaparakashhanaeka-lga-parasatava-patara-aahavana-samabnathha-sacana-142906,वार्षिक लेखापरीक्षणका लागि प्रस्ताव - पत्र आह्वान सम्बन्धी सूचना,PeaceWin Nepal,posted,2026-06-25T22:13:03.288257,184
88c31881a00e952e,https://www.jobsnepal.com/sales-executive-142905,Sales Executive,NIP HOLDINGS PVT LTD (Langtang Grace Natural Mineral Water),posted,2026-06-25T22:13:27.003972,185
6dc0a5b8585d0b3e,https://www.jobsnepal.com/ranagana-bl-pasataka-tatha-anaya-shakashhaka-samagarahanpr-matharanae-samabnathha-blpatara-aahavana-142904,रङ्गीन बाल पुस्तक तथा अन्य शैक्षिक सामाग्रीहरू मुद्रण सम्बन्धी बोलपत्र आह्वान,Padhnako Lagi Kotha,posted,2026-06-25T22:13:30.307651,185
94e131ff1bfe9cae,https://www.jobsnepal.com/blpatara-aahavana-scholastic-materials-cfe-lahan-ganeshmancharnath-142903,बोलपत्र आह्वान - Scholastic Materials CFE Lahan & Ganeshmancharnath,SOS Children's Villages Nepal,posted,2026-06-25T22:13:44.920700,187
d16d40453002751d,https://www.jobsnepal.com/project-coordinator-142902,Project Coordinator,Divya Development Resource Centre Parsa,posted,2026-06-25T22:14:06.379504,189
bc3642fb18602ae7,https://www.jobsnepal.com/tharabhau-parasatava-aahavanaka-sacana-142900,दरभाउ प्रस्ताव आह्वानको सूचना,AMDA Nepal,posted,2026-06-25T22:14:12.493796,189
1ddcbdd4e29be991,https://www.jobsnepal.com/terms-of-reference-feasibility-study-and-participatory-needs-assessment-in-baragadhi-and-parwanipur-rural-municipalities-madhesh-province-nepal-142899,"TERMS OF REFERENCE : Feasibility Study and Participatory Needs Assessment in Baragadhi and Parwanipur Rural Municipalities, Madhesh Province, Nepal",Childaid Network Foundation,posted,2026-06-25T22:14:34.379541,191
ec8e4f5c7a66364e,https://www.jobsnepal.com/learn-to-lead-parayajanaka-lga-salbnatha-tharabhau-patara-aahavanaka-sacana-142898,Learn to Lead परियोजनाका लागि सिलबन्दी दरभाउ पत्र आह्वानको सूचना,Karnali Community Development Centre,posted,2026-06-25T22:14:49.761850,193
2fa53e8de2888b3a,https://www.jobsnepal.com/re-invitation-for-quotation-supply-delivery-of-laptops-142897,RE INVITATION FOR QUOTATION- Supply & delivery of Laptops,Renewable World,posted,2026-06-25T22:15:14.546605,195
689790fabb0e82a3,https://www.jobsnepal.com/terms-of-reference-feasibility-study-and-participatory-needs-assessment-in-ghyanglek-rural-municipality-sindhuli-district-nepal-142896,"TERMS OF REFERENCE : Feasibility Study and Participatory Needs Assessment in Ghyanglek Rural Municipality, Sindhuli District, Nepal",Childaid Network Foundation,posted,2026-06-25T22:15:36.620367,197
a4f08d99e7c7d5d8,https://www.jobsnepal.com/call-for-expression-of-interest-eoi-142895,Call for Expression of Interest (EoI),Zoological Society of London,posted,2026-06-25T22:16:00.644372,199
f3db55413ccde46d,https://www.jobsnepal.com/invitation-for-bid-142894,Invitation for Bid,International Nepal Fellowship (Nepal),posted,2026-06-25T22:16:24.940011,201
726da8b5f0acd4c7,https://www.jobsnepal.com/shalbnatha-katashana-aahavana-call-for-seal-quotation-142893,शिलबन्दी कोटेशन आह्वान (Call for Seal quotation),PeaceWin Nepal,posted,2026-06-25T22:16:40.114781,203
c8feab0b6c9c19f9,https://www.jobsnepal.com/various-position-142892,Various Position,Compassionate Hands For Nepal,flagged|no_apply_contact,2026-06-25T22:16:43.291713,
55d8b0594bc0262d,https://www.jobsnepal.com/tor-for-short-term-consultancy-on-report-on-the-status-of-the-rights-of-children-with-disabilities-in-nepal-142891,TOR for Short-term Consultancy on Report on the Status of the Rights of Children with Disabilities in Nepal,Blind Youth Association Nepal,posted,2026-06-25T22:17:14.592594,204
aeab76d90ad5a000,https://www.jobsnepal.com/technical-coordinator-142889,Technical Coordinator,SAHAMATI,posted,2026-06-25T22:17:39.298831,206
d611c8496adf0171,https://www.jobsnepal.com/supervisor-142888,Supervisor,jansanchar saving and credit cooperative ltd,posted,2026-06-25T22:17:51.717223,81
e50c69230d1589b3,https://www.jobsnepal.com/saca-tharata-garauna-samabnathha-sacana-142887,सूची दर्ता गराउने सम्बन्धी सूचना,Bagmati Welfare Society Nepal(BWSN),posted,2026-06-25T22:17:56.916646,206
39e40b949ff47e9b,https://www.jobsnepal.com/social-mobilizers-field-based-142886,Social Mobilizers (Field Based),Relief Nepal,posted,2026-06-25T22:18:21.989986,208
38e94223db5087e0,https://www.jobsnepal.com/expression-of-interest-eoi-for-statutory-audit-142885,Expression of Interest (EOI) for Statutory Audit,Relief Nepal,posted,2026-06-25T22:18:45.833200,210
01ba884062028386,https://www.jobsnepal.com/framework-agreement-for-digital-platform-services-for-cash-and-voucher-assistance-cva-142883,Framework Agreement for Digital Platform & Services for Cash and Voucher Assistance (CVA),Oxfam in Nepal,posted,2026-06-25T22:19:07.424557,212
9cf112921266e6bd,https://www.jobsnepal.com/terms-of-reference-for-baseline-study-of-food-security-resilient-livelihoods-focus-on-earthquake-affected-families-through-civil-society-strengthening-sustain-142882,"Terms of Reference for Baseline Study of Food security & resilient livelihoods, focus on earthquake affected families through civil society strengthening (SUSTAIN)",Welthungerhilfe,posted,2026-06-25T22:19:32.264130,214
6e1be498ff3aab6a,https://www.jobsnepal.com/rfp-for-consultant-conduct-a-comprehensive-mixed-method-baseline-study-on-the-rights-and-living-conditions-of-lgbtqi-children-and-youth-in-nepal-142881,"RFP for Consultant: Conduct a Comprehensive Mixed-Method Baseline Study on the Rights and Living Conditions of LGBTQI+ Children and Youth in Nepal""",Blue Diamond Society,posted,2026-06-25T22:19:56.665511,216
fee76219199f0e92,https://www.jobsnepal.com/field-researchers-142879,Field Researchers,Alliance Asia Nepal Private Ltd,posted,2026-06-25T22:20:20.398638,218
99a0ecf6b2bc033d,https://www.jobsnepal.com/request-for-bid-notice-142878,Request for Bid-Notice,Rural Reconstruction Nepal,posted,2026-06-25T22:20:45.641810,220
a4ab9e135936ec65,https://www.jobsnepal.com/internship-opportunity-youth-engagement-intern-142877,Internship Opportunity - Youth Engagement Intern,International Federation of Red Cross and Red Crescent Societies (IFRC),posted,2026-06-25T22:21:12.985065,222
361837d033e9f188,https://www.jobsnepal.com/aaparatakarata-sava-parathayaka-tatha-paravathhaka-vajania-sacakaranae-rasatara-tharatakalga-aahavana-142876,"आपूर्तिकर्ता, सेवा प्रदायक तथा प्राविधिक विज्ञ सूचिकरण (रोस्टर दर्ता)कालागि आह्वान",National Federation of the Disabled Nepal,posted,2026-06-25T22:21:18.718428,222
3ac707fbd08489b7,https://www.jobsnepal.com/consultancy-services-on-strengthening-community-preparedness-rapid-response-and-recovery-in-nepal-scopr3-ii-142875,"Consultancy Services on Strengthening Community Preparedness, Rapid Response and Recovery in Nepal (SCOPR3-II)",Oxfam in Nepal,posted,2026-06-25T22:21:40.419505,224
d9ba7eed464b5942,https://www.jobsnepal.com/saca-tharata-garana-samabnathha-sacana-142874,सूची दर्ता गर्ने सम्बन्धी सूचना,Rural Reconstruction Nepal,posted,2026-06-25T22:21:45.521191,224
3b00faaf3823afce,https://www.jobsnepal.com/agriculture-field-officer-142873,Agriculture Field Officer,The Organic Valley Pvt Ltd,posted,2026-06-25T22:22:12.512945,226
9dd86bf90b198b11,https://www.jobsnepal.com/expression-of-interest-eoi-for-development-of-digital-marketplace-platform-142872,Expression of Interest (EoI) for Development of Digital Marketplace Platform,dZi Foundation,posted,2026-06-25T22:22:37.696753,228
e994cfaab2e389b4,https://www.jobsnepal.com/karamacara-pathaparata-samabnathha-sacana-142871,कर्मचारी पदपूर्ति सम्बन्धि सूचना,Protection Nepal,posted,2026-06-25T22:22:40.988512,228
d2f39c1a408e7b2f,https://www.jobsnepal.com/request-for-proposal-rfp-for-consultancy-service-impact-assessment-samrakshyan-project-142870,Request for Proposal (RFP) For Consultancy Service - Impact Assessment Samrakshyan Project,CARE Nepal,posted,2026-06-25T22:23:03.835625,230
8bdaf8e560916e9a,https://www.jobsnepal.com/call-for-expression-of-interest-eoi-for-vendor-enlistment-in-rosterframework-agreement-year-2026-2027-142869,Call for Expression of Interest (EoI) for Vendor Enlistment in Roster/Framework Agreement Year 2026-2027,Shechen Karuna Nepal,posted,2026-06-25T22:23:28.327984,232
e2cda9a82f17bff0,https://www.jobsnepal.com/researchersquality-controller-142864,Researchers/Quality Controller,Solutions Consultant Private Limited,posted,2026-06-25T22:23:51.264152,233
ca8f74553fed1c6a,https://www.jobsnepal.com/senior-ai-focused-full-stack-developer-pythonreact-remote-142863,Senior AI-Focused Full Stack Developer (Python/React) – Remote,Vedh Tech LLC,posted,2026-06-25T22:24:14.605903,234
c81d6309297ab925,https://www.jobsnepal.com/pasal-farama-tatha-sava-parathayaka-sacakataka-lga-parakashata-garaeka-tasa-thana-sacana-142862,"पसल, फर्म तथा सेवा प्रदायक सुचिकृतका लागि प्रकाशित गरिएको ३० (तिस) दिने सुचना",SabalNepal,posted,2026-06-25T22:24:20.972890,234
e421a7599e28801e,https://www.jobsnepal.com/request-for-proposal-rfp-for-10-videos-production-based-on-10-book-titles-142861,Request for Proposal (RFP) for 10 Videos Production based on 10 book titles,Room to Read Nepal,posted,2026-06-25T22:24:43.751702,236
a2e06cfa6514a8e8,https://www.jobsnepal.com/counsellor-142858,Counsellor,International Nepal Fellowship (Nepal),posted,2026-06-25T22:25:14.139469,238
276f54b4d1319498,https://www.jobsnepal.com/request-for-proposal-ai-gamification-learning-application-142857,REQUEST FOR PROPOSAL: AI Gamification Learning Application,Save the Children,posted,2026-06-25T22:25:36.692001,240
7ec2a765bdcd113c,https://www.jobsnepal.com/terms-of-reference-baseline-study-and-impact-monitoring-survey-142856,TERMS OF REFERENCE - Baseline Study and Impact Monitoring Survey,Human Practice Foundation,posted,2026-06-25T22:26:00.687881,242
e5723aaec45af830,https://www.jobsnepal.com/blpataraka-sacana-aahavana-142855,बोलपत्रको सूचना आह्वान,Kalika Self Reliance Social Center,posted,2026-06-25T22:26:03.870013,242
9681dc05033cac82,https://www.jobsnepal.com/request-for-quotation-hiring-of-vehicle-electric-vehicle-ev-and-petrol-diesel-vehicles-142854,REQUEST FOR QUOTATION - Hiring of Vehicle (Electric Vehicle (EV) and Petrol / diesel vehicles),Islamic Relief Nepal,posted,2026-06-25T22:26:26.626425,244
258e3347c8c931f4,https://www.jobsnepal.com/sasaka-napalka-samajaka-ra-lgaka-apanagata-tatha-samajaka-samavashakaranae-adata-samabnathha-sava-kharatha-sacana-142853,सोसेक नेपालको सामाजिक र लैंगिक अपाङ्गता तथा सामाजिक समावेशीकरण अडिट सम्बन्धि सेवा खरिद सूचना !!,SOSEC Nepal,posted,2026-06-25T22:26:29.711366,244
570f660b045ff7fa,https://www.jobsnepal.com/call-for-consultants-expert-roster-registration-142852,Call for Consultants: Expert Roster Registration,Samvaad Nepal Pvt. Ltd,posted,2026-06-25T22:26:53.202822,246
b0c3ec59ab2a13ae,https://www.jobsnepal.com/executive-secretary-to-the-managing-director-only-female-142851,Executive Secretary to the Managing Director-Only Female,ACON TRAVEL AND TOURS PVT.LTD,posted,2026-06-25T22:27:15.952794,248
de34daa10196ac85,https://www.jobsnepal.com/sales-person-142850,Sales Person,Bucket List Mart Pvt Ltd,posted,2026-06-25T22:27:36.272738,249
6e2bc97ea800991f,https://www.jobsnepal.com/saca-tharataka-lga-sacana-aahavana-142849,सूची दर्ताका लागि सूचना आह्वान,Community Development and Environment Conservation Forum Nepal,posted,2026-06-25T22:27:40.915183,249
7ea829411ede47ad,https://www.jobsnepal.com/head-of-partnership-and-business-development-joint-country-office-jco-bangladesh-nepal-142848,Head of Partnership and Business Development (Joint Country Office (JCO) – Bangladesh & Nepal),Action Against Hunger | ACTION CONTRE LA FAIM (ACF),posted,2026-06-25T22:28:06.225834,251
beae70346385fafa,https://www.jobsnepal.com/tathayaka-vayavasathapana-athhakata-taha-142847,तथ्यांक व्यवस्थापन अधिकृत (तह–६),Backwardness Eradication society (BES) Nepal,posted,2026-06-25T22:28:09.286520,251
b36944323f4758ae,https://www.jobsnepal.com/terms-of-reference-142846,Terms of Reference,Rural Oriented Youth Movement Nepal (ROYM Nepal),posted,2026-06-25T22:28:35.055891,253
7eced570a701641d,https://www.jobsnepal.com/invitation-for-national-competitive-bid-tender-142845,Invitation for National Competitive Bid / Tender,Rotary Club of Dhading,posted,2026-06-25T22:29:01.361024,255
77c33e783e4d5cac,https://www.jobsnepal.com/research-fellow-142844,Research Fellow,CENTRE FOR SOCIAL CHANGE,posted,2026-06-25T22:29:24.774281,257
01e5dd321edc5b6d,https://www.jobsnepal.com/various-positions-142843,Various Positions,Rural Oriented Youth Movement Nepal (ROYM Nepal),posted,2026-06-25T22:29:50.346581,259
2f857cc4b27ab533,https://www.jobsnepal.com/terms-of-reference-video-development-wellness-tourism-and-ict-142841,Terms of Reference - Video Development – Wellness Tourism and ICT,DAI Global LLC,posted,2026-06-25T22:30:14.272734,261
a910f02dd15453c7,https://www.jobsnepal.com/vacancy-announcement-for-administrative-officer-based-in-kathmandu-142840,Vacancy Announcement for Administrative Officer based in Kathmandu,CARE Nepal,posted,2026-06-25T22:30:38.905059,263
442410428c3d157b,https://www.jobsnepal.com/vacancy-announcement-lecturer-in-computer-science-and-information-technology-142839,Vacancy Announcement: Lecturer in Computer Science and Information Technology,Nepalgunj Campus of Managment & Technology,posted,2026-06-25T22:31:02.901812,265
175a946b35849514,https://www.jobsnepal.com/expression-of-interest-eoi-for-epc-engineering-procurement-and-construction-services-for-the-establishment-of-three-3-integrated-processing-storage-and-market-centers-142838,"Expression of Interest (EoI) for EPC (Engineering, Procurement, and Construction) Services for the Establishment of Three (3) Integrated Processing, Storage, and Market Centers",dZi Foundation,posted,2026-06-25T22:31:29.082894,267
912301302b40bb4d,https://www.jobsnepal.com/aarathaka-varashha-ka-lga-sasathalii-aavashayaka-samagara-tatha-savahanprka-aaparata-garana-farama-tatha-kamapanahanprka-sacakaranae-samabnathhama-142836,आर्थिक वर्ष २०८३-८४ को लागि संस्थालाई आवश्यक सामग्री तथा सेवाहरूको आपुर्ति गर्ने फर्म तथा कम्पनीहरूको सुचिकरण सम्बन्धमा,Bikaska Lagi Ekata (SfD),posted,2026-06-25T22:31:32.298579,267
19cbe8381c21609d,https://www.jobsnepal.com/request-for-quotation-tools-equipments-142835,Request for Quotation-Tools & Equipment’s,dZi Foundation,posted,2026-06-25T22:31:57.092666,269
c4e4e15042dbd1ac,https://www.jobsnepal.com/1-programme-officer-2-admin-and-finance-officer-142833,1. Programme Officer 2. Admin and Finance Officer,Pravasi Nepali Coordination Committee,posted,2026-06-25T22:32:21.457606,271
6c0865b8eb1c9cef,https://www.jobsnepal.com/request-for-proposals-142827,REQUEST FOR PROPOSALS,Helvetas Nepal,posted,2026-06-25T22:32:44.418600,273
d747ba8379dc91bf,https://www.jobsnepal.com/various-positions-142826,Various Positions,Food For Life Nepal,posted,2026-06-25T22:32:56.675326,259
1080268842542cc8,https://www.jobsnepal.com/call-for-proposals-142823,Call for Proposals,Habitat Nepal,posted,2026-06-25T22:33:25.104890,275
0efd961ba2435344,https://www.jobsnepal.com/shalbnatha-blpatara-aahavana-142818,शिलबन्दी बोलपत्र आह्वान,Health Environment and Climate Action Foundation (HECAF 360),posted,2026-06-25T22:33:29.123990,275
3500dd18ddfb10c7,https://www.jobsnepal.com/shalbnatha-katashana-rfq-aahavanaka-sacana-142817,शिलबन्दी कोटेशन (RFQ) आह्वानको सूचना,Project Sarangi Foundation,posted,2026-06-25T22:33:42.753168,276
2abba6decf355638,https://www.jobsnepal.com/saca-tharata-garana-samabnathha-sacana-142816,सूचि दर्ता गर्ने सम्बन्धी सूचना,Samagra Jan Utthan Kendra (SAMAGRA),posted,2026-06-25T22:33:46.025970,276
069572e54448bf44,https://www.jobsnepal.com/senior-performance-marketing-manager-142811,Senior Performance Marketing Manager,IFRE Volunteers,posted,2026-06-25T22:34:08.727339,277
58e99567d57d96a6,https://www.jobsnepal.com/various-positions-142803,Various Positions,Anchor Of Hope,posted,2026-06-25T22:34:31.898707,279
8e9edd06cda08de4,https://www.jobsnepal.com/international-coordination-assistant-142800,International Coordination Assistant,Manavsewa Ashram,posted,2026-06-25T22:34:58.927054,281
40f6017f41a8ad1b,https://www.jobsnepal.com/paid-internship-jobs-142799,Paid Internship / Jobs,Global Venture Foundry,flagged|no_apply_contact,2026-06-25T22:35:02.157579,
11f6b741986853fa,https://www.jobsnepal.com/facilitation-of-co-created-agroecology-pilots-142794,Facilitation of co-created agroecology pilots,Fastenaktion Nepal,posted,2026-06-25T22:35:26.899060,283
7dc0e86f203068d1,https://www.jobsnepal.com/co-conceptualization-and-facilitation-of-youth-engagement-approach-in-agroecology-142791,Co-conceptualization and facilitation of youth engagement approach in agroecology,Fastenaktion Nepal,posted,2026-06-25T22:35:51.421877,285
d7d1b00af5dde3b8,https://www.jobsnepal.com/request-for-quotation-rfq-142790,Request for Quotation (RFQ),Youth Innovation Lab,posted,2026-06-25T22:36:16.919908,287
2fee877495a495bb,https://www.jobsnepal.com/invitation-to-bid-for-group-medical-and-personal-accidental-insurance-services-142784,Invitation to Bid for Group Medical and Personal Accidental Insurance Services,Good Neighbors International Nepal,posted,2026-06-25T22:36:44.083238,289
4d204896f1a3633e,https://www.jobsnepal.com/invitation-to-bid-for-annual-health-checkup-package-142783,Invitation to Bid for Annual Health Checkup Package,Good Neighbors International Nepal,posted,2026-06-25T22:37:10.087427,291
26da6457e5cc3294,https://www.jobsnepal.com/consultant-in-general-practice-mdgp-em-142782,Consultant in General Practice (MDGP-EM),United Mission to Nepal Medical and Development Trust Okhaldhunga Community Hospital,posted,2026-06-25T22:37:34.975105,293
51f1d6487d366a4a,https://www.jobsnepal.com/client-success-officer-142778,Client Success Officer,Aloi Private Limited,posted,2026-06-25T22:38:00.977974,295
5e276669620550c7,https://www.jobsnepal.com/call-for-tourism-experts-142777,Call for Tourism Experts,DAI Global LLC,posted,2026-06-25T22:38:26.062481,297
2c40a2239418ae3c,https://www.jobsnepal.com/expression-of-interest-eoi-142776,Expression of Interest (EoI),LI-BIRD,posted,2026-06-25T22:38:53.380803,299
5efa6d36c92371f0,https://www.jobsnepal.com/fresher-sales-associates-142774,Fresher Sales Associates,Seto Pixel Private Limited,posted,2026-06-25T22:39:19.679566,301
f001f3a7799c6dcf,https://www.jobsnepal.com/grant-call-announcement-142772,Grant Call Announcement,British Council,posted,2026-06-25T22:39:43.935361,303
db2bcc87707153b1,https://www.jobsnepal.com/travel-content-writer-142768,Travel Content Writer,Access Nepal Tour & Trekking,flagged|no_apply_contact,2026-06-25T22:40:11.755045,
003a020f4b4bf526,https://www.jobsnepal.com/announces-its-professional-research-publication-and-academic-support-services-142765,"ANNOUNCES ITS PROFESSIONAL RESEARCH, PUBLICATION AND ACADEMIC SUPPORT SERVICES",USP Consultancy,posted,2026-06-25T22:40:36.563226,305
31e0a81e08ab1ebe,https://www.jobsnepal.com/field-coordinator-142762,Field Coordinator,Shangri La Development Association,posted,2026-06-25T22:41:02.825563,307
78d727a4b2318ce2,https://www.jobsnepal.com/relaunch-of-request-for-proposal-conducting-social-audit-142760,RELAUNCH OF REQUEST FOR PROPOSAL Conducting Social Audit,Save the Children,posted,2026-06-25T22:41:26.425827,309
8cf242226bca319b,https://www.jobsnepal.com/cargo-management-officer-142758,Cargo Management Officer,Dynamic Supply Chain Management Private Limited,posted,2026-06-25T22:41:51.254553,311
61db368b9fdbb878,https://www.jobsnepal.com/invitation-for-expression-of-interest-eoi-from-interested-vendors-142753,Invitation for Expression of Interest (EOI) from Interested Vendors,Karkhana Samuha,posted,2026-06-25T22:42:15.112151,313
a0148f9cb1be1176,https://www.jobsnepal.com/content-creator-brand-presenter-142748,Content Creator & Brand Presenter,Funfurnish Pvt Ltd,posted,2026-06-25T22:42:40.939249,315
d5ed96927069d865,https://www.jobsnepal.com/legal-officer-142746,Legal Officer,Manavsewa Ashram,posted,2026-06-25T22:43:03.941206,317
e8751fbf4de0a105,https://www.jobsnepal.com/medical-report-reviewer-office-based-142736,Medical Report Reviewer (Office-Based),Evolve Vue Pvt Ltd,posted,2026-06-25T22:43:29.726255,319
bdca97998e07b240,https://www.jobsnepal.com/disability-inclusion-expert-142728,Disability Inclusion Expert,Nepal Disabled Women Association,posted,2026-06-25T22:43:53.107362,321
a1fdee933ef3d807,https://www.jobsnepal.com/digital-financial-inclusion-expert-142727,Digital Financial Inclusion Expert,Nepal Disabled Women Association,posted,2026-06-25T22:44:16.424338,323
21e29d2709c88a70,https://www.jobsnepal.com/request-for-quotation-research-on-climate-change-and-human-mobility-in-nepal-142725,Request for Quotation: Research on Climate Change and Human Mobility in Nepal,IOM Nepal,posted,2026-06-25T22:44:39.222603,324
39a67fba1054cb34,https://www.jobsnepal.com/social-media-marketing-manager-142719,Social Media & Marketing Manager,Navon Jobs,posted,2026-06-25T22:45:02.042854,325
44f95a5e803d360b,https://www.jobsnepal.com/sales-manager-142716,Sales Manager,Navon Jobs,posted,2026-06-25T22:45:24.820677,326
0104ce630d5fe634,https://www.jobsnepal.com/expression-of-interest-eoi-consultant-roster-individualfirm-142713,Expression of Interest (EOI) Consultant Roster (Individual/Firm),KOSHISH,posted,2026-06-25T22:45:48.142067,328
9cfbcc16aae134ea,https://www.jobsnepal.com/video-editor-142710,Video Editor,A Reputable Company,posted,2026-06-25T22:46:11.503907,330
75839e838eae7fe7,https://www.jobsnepal.com/content-creator-female-142709,Content Creator- Female,A Reputable Company,posted,2026-06-25T22:46:34.126180,332
04c7d0d549545723,https://www.jobsnepal.com/operation-manager-142708,Operation Manager,A Reputable Company,posted,2026-06-25T22:46:55.990092,334
f7850d2f0d4c7735,https://www.jobsnepal.com/customer-care-142707,Customer Care,A Reputable Company,posted,2026-06-25T22:47:18.167187,336
2a11ec890dc6754a,https://www.jobsnepal.com/call-for-expression-of-interest-eoi-142703,Call for Expression of Interest (EOI),Peace Brigades International Nepal,posted,2026-06-25T22:47:32.310016,199
e69248d79f60f186,https://www.jobsnepal.com/content-creator-work-from-home-142700,Content Creator (Work From Home),NOVA LINK TRANSPORT SDN BHD,posted,2026-06-25T22:47:59.270721,338
c6a86894c9e2220a,https://www.jobsnepal.com/sales-and-marketing-associate-142691,Sales and Marketing Associate,Mandala Foods Pvt.Ltd,posted,2026-06-25T22:48:22.387205,339
167f1a1965aae2e4,https://www.jobsnepal.com/business-development-specialist-142686,Business Development Specialist,Arukubossystems LLC,posted,2026-06-25T22:48:45.441067,341
3c48795e0d208722,https://www.jobsnepal.com/research-and-marketing-officer-assistant-142683,Research and Marketing Officer / Assistant,Asian Center for Development Pvt.Ltd.,posted,2026-06-25T22:49:06.235672,342
cd3bf7ddc0a7005e,https://www.jobsnepal.com/tourticketing-officerassistant-142682,Tour/Ticketing officer/Assistant,Asian Center for Development Pvt.Ltd.,posted,2026-06-25T22:49:27.257691,343
91c0ab58be1c2c3f,https://www.jobsnepal.com/technical-sales-engineer-142681,Technical Sales Engineer,Albelo Multi Trading Pvt Ltd,posted,2026-06-25T22:49:51.455530,345
dd4366510eae11c2,https://www.jobsnepal.com/sales-person-retail-samakhushi-kathmandu-142680,Sales Person Retail- Samakhushi Kathmandu,Himalaya Nexus Consultants,posted,2026-06-25T22:50:12.546360,346
8deef650ee2c19b2,https://www.jobsnepal.com/call-for-expression-of-interest-eoi-consultant-roster-142664,Call for Expression of Interest (EOI): Consultant Roster,Development Management Institute,posted,2026-06-25T22:50:34.164146,348
c10c3b878f3d0534,https://www.jobsnepal.com/growth-marketing-executive-142660,Growth Marketing Executive,Ren Recruiting,posted,2026-06-25T22:50:58.199271,349
35c9152c9825b6f0,https://www.jobsnepal.com/saca-tharataka-lga-sacana-aahavana-142651,सूची दर्ताका लागि सूचना आह्वान,PRAYAS Nepal,posted,2026-06-25T22:51:01.438894,349
460cf073279d56fe,https://www.jobsnepal.com/sustainability-coordinator-142647,Sustainability Coordinator,Kopila Valley Sewa Samaj,posted,2026-06-25T22:51:26.592116,351
865ca39815019af0,https://www.jobsnepal.com/senior-software-engineer-142632,Senior Software Engineer,Truckit.net Pty Ltd,posted,2026-06-25T22:51:50.712318,353
9409420f933fbae6,https://www.jobsnepal.com/customer-service-representative-142628,Customer Service Representative,Himalaya Nexus Consultants,posted,2026-06-25T22:52:13.523941,354
39c55f3ba0a07f0e,https://www.jobsnepal.com/call-for-expression-of-interest-for-annual-vendor-listing-142627,Call for Expression of Interest for Annual Vendor Listing,Creasion,posted,2026-06-25T22:52:36.567666,356
c8a25719cf4a1f97,https://www.jobsnepal.com/carpet-rug-loom-inspector-142623,Carpet / Rug Loom Inspector,Kamal Rug,posted,2026-06-25T22:53:00.970185,358
e828c32c19eaaa73,https://www.jobsnepal.com/it-coordinator-142618,IT Coordinator,Kopila Valley School Pvt Ltd,posted,2026-06-25T22:53:26.048642,360
24db35820a5b9d7e,https://www.jobsnepal.com/saca-tharata-samabnathha-sacana-142614,सूची दर्ता सम्बन्धि सूचना,Maiti Nepal,posted,2026-06-25T22:53:31.190838,360
3e6ea169057f8834,https://www.jobsnepal.com/khathayananatarakarafalfal-tatha-tavaiiltaraja-samabnathha-blpatara-aahavana-garaeka-sacana-142613,"खाद्यान्न,तरकारी,फलफुल तथा ट्वाईलेटरिज सम्बन्धि बोलपत्र आह्वान गरिएको सूचना",Maiti Nepal,posted,2026-06-25T22:53:36.339125,360
579ee859ed910c81,https://www.jobsnepal.com/constructioncontract-engineer-142606,Construction/Contract Engineer,Legal Engineering Consultancy,posted,2026-06-25T22:54:01.646089,362
7da0d60ff50087bd,https://www.jobsnepal.com/finance-and-admin-assistant-142601,Finance and Admin Assistant,Daayitwa,flagged|no_apply_contact,2026-06-25T22:54:04.837150,
d85f1cac0d7f370c,https://www.jobsnepal.com/online-chat-and-call-support-agent-142584,Online Chat and Call Support Agent,Joy Technology,posted,2026-06-25T22:54:27.348696,364
49cdd0119ca5d09a,https://www.jobsnepal.com/production-technical-support-142578,PRODUCTION TECHNICAL SUPPORT,IEC PLANT ENGINEERING SDN BHD,posted,2026-06-25T22:54:47.922760,365
bb254749e9f529cf,https://www.jobsnepal.com/invitation-for-bids-142571,Invitation for Bids,Rural Women Development Centre,posted,2026-06-25T22:55:12.974352,367
5efb2292d94f8107,https://www.jobsnepal.com/marketing-communication-executive-avl-event-technology-142980,Marketing & Communication Executive (AVL / Event Technology),TECH TRUST PVT LTD,posted,2026-06-26T09:41:16.598933,569
966f1a0931344a93,https://www.jobsnepal.com/terms-of-reference-for-a-study-on-the-impact-of-human-wildlife-conflict-on-agriculture-and-socio-economic-conditions-in-achham-district-142978,Terms of Reference for a Study on the Impact of Human-Wildlife Conflict on Agriculture and Socio-Economic Conditions in Achham District,Welthungerhilfe,posted,2026-06-26T09:41:43.968610,571
a2d7673a8938f23b,https://www.jobsnepal.com/vacancy-announcement-multiple-positions-142989,VACANCY ANNOUNCEMENT: MULTIPLE POSITIONS,World Vision International Nepal,posted,2026-06-26T14:39:28.631081,573
88b79a40117b48cb,https://www.jobsnepal.com/digital-marketing-content-executive-142988,Digital Marketing & Content Executive,BrainCast Technologies,posted,2026-06-26T14:39:57.767675,575
50c25b5ca1824d1f,https://www.jobsnepal.com/expression-of-interest-eoi-142987,Expression of Interest (EOI),Rural Health and Education Service Trust (RHEST),flagged|no_apply_contact,2026-06-26T14:40:01.261196,
d892be4c06db753f,https://www.jobsnepal.com/expression-of-interest-eoi-for-hiring-consultantsexpertsfirms-142986,Expression of Interest (EoI) For Hiring Consultants/Experts/Firms,National Campaign for Education Nepal (NCE Nepal),posted,2026-06-26T14:40:32.869090,577
3231ad42e58c6cff,https://www.jobsnepal.com/various-positions-142985,Various Positions,International Nepal Fellowship (Nepal),posted,2026-06-26T14:41:03.716076,579
e5ab36695d17e326,https://www.jobsnepal.com/shalbnatha-katashana-aahavanaka-sacana-142984,शिलबन्दी कोटेशन आह्वानको सूचना,Rural Development Centre Nepal,posted,2026-06-26T14:41:10.348773,579
8670f212c8fbdcfe,https://www.jobsnepal.com/tor-for-youth-innovation-challenge-142983,ToR for Youth Innovation Challenge,DanChurchAid (DCA),posted,2026-06-26T14:41:46.985588,581
adccb2f105c25874,https://www.jobsnepal.com/notice-for-annual-vendor-roster-142982,Notice for Annual Vendor Roster,Prakriti Resources Centre,posted,2026-06-26T14:42:14.491802,582
e38413047f38222c,https://www.jobsnepal.com/farm-house-worker-required-142981,FARM HOUSE WORKER REQUIRED,GAU FARKA AGRO FARM,posted,2026-06-26T14:42:40.997914,583
1ca697a9e43b345f,https://www.jobsnepal.com/business-development-officer-bdo-142992,Business Development Officer (BDO),RUDAS Nepal Rolpa,posted,2026-06-28T04:25:17.936513,585
98154e2245a74088,https://www.jobsnepal.com/project-coordinator-admin-and-finance-officer-142991,Project Coordinator / Admin and Finance Officer,PESWAN (Preservation of Environment and Social Welfare Association of Nepal),posted,2026-06-28T04:25:46.211040,587
f845289214fea1e2,https://www.jobsnepal.com/psychosocial-counselling-officer-142990,Psychosocial counselling Officer,NNSWA,posted,2026-06-28T04:26:18.807223,589
ed31414867193f4a,https://www.jobsnepal.com/request-for-proposal-rfp-consultancy-service-for-organizational-policy-and-guideline-review-revision-and-development-142996,"Request for Proposal (RFP): Consultancy Service for Organizational Policy and Guideline Review, Revision, and Development",Dalit Society Welfare Committee Nepal,posted,2026-06-28T09:22:17.701370,591
6d9a051e2defb605,https://www.jobsnepal.com/clinic-incharge-142995,Clinic Incharge,Samaj Dental,posted,2026-06-28T09:22:45.877773,593
f961d69b2abc946e,https://www.jobsnepal.com/expression-of-interest-eoi-for-epc-engineering-procurement-and-construction-services-for-the-establishment-of-maize-based-animal-feed-processing-center-142994,"Expression of Interest (EoI) for EPC (Engineering, Procurement, and Construction) Services for the establishment of Maize-Based Animal Feed Processing Center",dZi Foundation,posted,2026-06-28T09:23:15.346393,595
5ef15e5716eebb04,https://www.jobsnepal.com/eoi-for-epc-engineering-procurement-and-construction-services-for-the-establishment-of-peanut-processing-pilgrim-market-hub-142993,"EoI for EPC (Engineering, Procurement, and Construction) services for the Establishment of Peanut Processing & Pilgrim Market Hub",dZi Foundation,posted,2026-06-28T09:23:43.278676,597
8526ab8f3526fd06,https://www.jobsnepal.com/accountant-construction-company-142999,Accountant (Construction Company),JobsNepal.com Direct Recruitment Service,posted,2026-06-28T14:06:46.505004,599
5e1a6dd7c73fe998,https://www.jobsnepal.com/expression-of-interest-eoi-for-engineering-procurement-and-construction-epc-142998,"Expression of Interest (EOI) for Engineering, Procurement, and Construction (EPC)","Hamro Prayash Nepal, Sindhuli",posted,2026-06-28T14:07:10.912230,600
b757a529903ecd84,https://www.jobsnepal.com/textile-general-sourcing-142997,Textile & General Sourcing,Albelo Multi Trading Pvt Ltd,posted,2026-06-28T14:07:37.064451,602
9602da276f195fa1,https://www.jobsnepal.com/sales-and-marketing-142975,Sales and Marketing,Durba Tech Company Pvt Ltd,failed|wp_post_failed_or_skipped,2026-06-28T14:07:45.000315,
563c6a508b696ddb,https://www.jobsnepal.com/savayasavaka-shakashhaka-volunteer-teacher-143002,स्वयंसेवक शिक्षक (Volunteer Teacher),Community Development & Advocacy Forum Nepal,posted,2026-06-29T04:44:20.905105,604
79bbe2faa12ea2ae,https://www.jobsnepal.com/call-for-consultant-143001,Call for consultant,Women Leaders in Technology,posted,2026-06-29T04:44:49.365608,606
9514057c0cb70e5d,https://www.jobsnepal.com/udl-universal-design-for-learning-training-trainerconsultant-142979,UDL (Universal Design for Learning) Training Trainer/Consultant,Forward Looking,posted,2026-06-29T04:45:19.407709,608
d8c3ede5ee0e192a,https://www.jobsnepal.com/majatha-saca-tharatasacakata-garauna-samabnathha-sacana-143009,मौजुदा सूची दर्ता/सूचीकृत गराउने सम्बन्धी सूचना,Dalit Janajati Utthan Kendra,posted,2026-06-29T11:13:57.484399,608
648988ddeecb6d3a,https://www.jobsnepal.com/majatha-saca-tharata-garana-samabnathha-sacana-143008,मौजुदा सूची दर्ता गर्ने सम्बन्धी सूचना,HURENDEC,posted,2026-06-29T11:14:01.277572,608
16f4c8c597f046d3,https://www.jobsnepal.com/kitchen-hand-143007,Kitchen Hand,British Gurkhas Nepal,posted,2026-06-29T11:14:35.474201,609
6e4680dc99793863,https://www.jobsnepal.com/various-positions-143006,Various Positions,Everest Club,posted,2026-06-29T11:14:48.583975,508
4f832b852989568f,https://www.jobsnepal.com/executive-assistant-to-country-representative-143005,Executive Assistant to Country Representative,WWF Nepal,posted,2026-06-29T11:15:19.353965,611
11f0f2133e10b384,https://www.jobsnepal.com/notice-for-bid-143004,NOTICE FOR BID,Himalayan Community Development Forum (HICODEF),posted,2026-06-29T11:15:50.102532,613
8021ca1b7f495955,https://www.jobsnepal.com/various-positions-143003,Various Positions,"RUWDUC, DADELDHURA",posted,2026-06-29T11:16:00.121428,259
ce76a948cece6b22,https://www.jobsnepal.com/call-for-consultant-143000,Call for consultant,Women Leaders in Technology,posted,2026-06-29T11:16:27.603873,615
